action_type,cnt,pct
page_view,11433173,71.45733125
view_description,2172931,13.580818749999999
review_view,745649,4.66030625
to_cart,590528,3.6907999999999994
favorite,503148,3.1446749999999994
remove,361701,2.26063125
unfavorite,192870,1.2054375
