event_canon,cnt,pct
view,14351753,89.69845624999999
cart,590528,3.6907999999999994
fav,503148,3.1446749999999994
remove,361701,2.26063125
unfav,192870,1.2054375
