status_canon,cnt,pct
delivered,9936249,52.608592246081756
canceled,7990577,42.30701215357215
in_progress,960296,5.084395600346099
