last_status,cnt,pct
delivered_orders,9936249,52.608592246081756
canceled_orders,7990577,42.30701215357215
proccesed_orders,960296,5.084395600346099
