bin,cnt,pct
2-5,202150,24.656889292213716
11-20,160543,19.581948937125237
21-50,160375,19.56145743378073
6-10,148193,18.075579494835655
1,76498,9.330708469333489
51-100,53414,6.515078331210999
>100,18679,2.278338041500173
